1,STAIRS,3,0.158,0.228,83,164
2,CORNER,3,0.499,0.228,3,84
3,CORNER,3,0.502,0.125,2,4,5
4,STAIRS,3,0.483,0.125,3,94,163
5,History Office,3,0.555,0.125,3,6
6,339,3,0.567,0.125,5,7
7,336,3,0.61,0.125,6,8
8,337,3,0.639,0.125,7,9
9,334,3,0.702,0.125,8,10
10,335,3,0.716,0.125,9,11
11,332,3,0.785,0.125,10,12
12,333,3,0.797,0.125,11,13
13,CORNER,3,0.847,0.125,12,14,15,16
14,332A,3,0.847,0.12,13
15,330,3,0.851,0.13,13
16,CORNER,3,0.857,0.172,13,17,18
17,331,3,0.846,0.184,16
18,CORNER,3,0.869,0.185,16,19
19,CORNER,3,0.875,0.2,18,20
20,CORNER,3,0.885,0.234,19,21
21,CORNER,3,0.898,0.272,20,22,24
22,CORNER,3,0.958,0.272,21,23
23,STAIRS,3,0.96,0.238,22,95,162
24,327,3,0.9,0.372,21,25
25,326,3,0.899,0.398,24,26
21,CORNER,3,0.898,0.272,20,22,24
22,CORNER,3,0.958,0.272,21,23
23,STAIRS,3,0.96,0.238,22,95,162
24,327,3,0.9,0.372,21,25
25,326,3,0.899,0.398,24,26
26,CORNER,3,0.891,0.542,25,27,29
27,CORNER,3,0.845,0.544,26,28,30,31
28,STAIRS,3,0.84,0.492,27,96,172
29,324,3,0.899,0.544,26
30,CORNER,3,0.836,0.666,27,68
31,CORNER,3,0.825,0.518,27,32
32,325,3,0.811,0.512,31,33
33,CORNER,3,0.747,0.52,32,34
34,CORNER,3,0.744,0.554,33,35
35,Media Center,3,0.581,0.554,34,36,46
36,CORNER,3,0.583,0.638,35,37,38,39
37,CORNER,3,0.607,0.642,36,40,43
38,CORNER,3,0.56,0.64,36,41
39,STAIRS,3,0.582,0.672,36,133,171
40,CORNER,3,0.606,0.716,37,42,44
41,CORNER,3,0.558,0.714,38,42,45
42,Main Lobby,3,0.584,0.794,40,41,64,65,66,67,71
43,320,3,0.612,0.656,37
44,322,3,0.613,0.702,40
45,321,3,0.552,0.696,41
46,CORNER,3,0.416,0.55,35,47
47,CORNER,3,0.313,0.532,46,48
48,CORNER,3,0.261,0.536,47,49,50
49,STAIRS,3,0.26,0.512,48,99,169
50,CORNER,3,0.259,0.568,48,51
51,CORNER,3,0.221,0.562,50,52
52,CORNER,3,0.215,0.592,51,53,57
53,CORNER,3,0.217,0.64,52,54
54,301,3,0.221,0.658,53,55,56
55,STAIRS,3,0.227,0.612,54,100,168
56,302,3,0.221,0.714,54,61
57,CORNER,3,0.164,0.59,52,81
58,Old Hall,3,0.162,0.69,59
59,CORNER,3,0.162,0.786,58,60,74,85
60,CORNER,3,0.209,0.78,59,61,62,91
61,CORNER,3,0.221,0.766,56,60,63
62,STAIRS,3,0.251,0.788,60,101
63,CORNER,3,0.308,0.77,61,64
64,CORNER,3,0.51,0.778,42,63
65,Main Office,3,0.539,0.818,42
66,Guidance,3,0.635,0.818,42
67,CORNER,3,0.668,0.78,42,68
68,CORNER,3,0.825,0.774,30,67,69
69,Auditorium,3,0.824,0.842,68,70,88
70,STAIRS,3,0.806,0.862,69,173
71,CORNER,3,0.583,0.88,42,72,73,90
72,STAIRS,3,0.664,0.886,71
73,STAIRS,3,0.504,0.88,71,144
74,CORNER,3,0.073,0.776,59,75,76,78,85
75,STAIRS,3,0.04,0.778,74,103,167
76,304,3,0.053,0.786,74
77,Teachers Cafe,3,0.071,0.788
78,305,3,0.075,0.726,74,79
79,306,3,0.074,0.646,78,80,92
80,STAIRS,3,0.075,0.592,79,93,104,166
81,CORNER,3,0.163,0.51,57,82,83
82,STAIRS,3,0.154,0.546,81,165
83,CORNER,3,0.161,0.262,1,81,84
84,CORNER,3,0.177,0.227,2,83
85,CORNER,3,0.135,0.788,59,74,86
86,CORNER,3,0.135,0.886,85,87,89
87,STAIRS,3,0.159,0.85,86,102
88,EXIT,3,0.824,0.908,69
89,EXIT,3,0.147,0.91,86
90,EXIT,3,0.584,0.956,71
91,303,3,0.212,0.7975,60
92,CORNER,3,0.078,0.65,79
93,307,3,0.081,0.5975,80
94,STAIRS,4,0.536,0.1775,4,105
95,STAIRS,4,0.939,0.1975,23,118
96,STAIRS,4,0.779,0.5675,28,120
97,STAIRS,3,0.525,0.48,98,170
98,STAIRS,4,0.447,0.58,97,134
99,STAIRS,4,0.273,0.59,49,149
100,STAIRS,4,0.228,0.66,55,149,151,219
101,STAIRS,4,0.247,0.8425,62,154,220
102,STAIRS,4,0.144,0.9125,87,157
103,STAIRS,4,0.041,0.8375,75,159,221
104,STAIRS,4,0.069,0.675,80,161,218
105,CORNER,4,0.574,0.135,94,106
106,433,4,0.599,0.135,105,107
107,438,4,0.619,0.1325,106,108
108,431,4,0.655,0.14,107,109
109,436,4,0.67,0.135,108,110
110,434,4,0.727,0.135,109,111
111,STEM LAB,4,0.737,0.1375,110,112
112,432,4,0.783,0.1325,111,113
113,430,4,0.839,0.1375,112,114
114,CORNER,4,0.844,0.1375,113,115,116,117
115,430A,4,0.85,0.14,114
116,430B,4,0.822,0.1725,114
117,CORNER,4,0.847,0.2075,114,118
118,CORNER,4,0.921,0.2025,95,117,119
119,CORNER,4,0.922,0.5775,118,120
120,CORNER,4,0.825,0.58,96,119,121,122
121,418,4,0.833,0.615,120
122,CORNER,4,0.802,0.67,120,123
123,CORNER,4,0.772,0.675,122,124
124,CORNER,4,0.77,0.7,123,125
125,417,4,0.735,0.705,124,126
126,416,4,0.674,0.705,125,127
127,CORNER,4,0.598,0.7025,126,128
128,415,4,0.596,0.6675,127,129
129,414,4,0.561,0.67,128,130
130,CORNER,4,0.517,0.6925,129,131,133,135,136
131,413,4,0.467,0.6675,130,132,134
132,412,4,0.432,0.665,131,134,145
133,STAIRS,4,0.519,0.75,39,130
134,CORNER,4,0.447,0.67,98,131,132
135,CORNER,4,0.496,0.72,130,138
136,CORNER,4,0.54,0.72,130,137
137,CORNER,4,0.539,0.7825,136,139
138,CORNER,4,0.496,0.7825,135,139
139,CORNER,4,0.517,0.79,137,138,140
140,422,4,0.516,0.8325,139,141
141,423,4,0.517,0.86,140,142
142,424,4,0.516,0.9125,141,143
143,CORNER,4,0.49,0.93,142,144
144,STAIRS,4,0.488,0.965,73,143
145,CORNER,4,0.403,0.6825,132,146
146,411,4,0.358,0.6825,145,147
147,410,4,0.308,0.6775,146,148
148,CORNER,4,0.272,0.68,147,150
149,CORNER,4,0.272,0.6475,99,100
150,CORNER,4,0.24,0.6825,148,151,152
151,CORNER,4,0.224,0.7075,100,150,152,153
152,400,4,0.235,0.7025,150,151
153,CORNER,4,0.223,0.7775,151,154
154,CORNER,4,0.223,0.8375,101,153,155,156
155,403,4,0.207,0.8375,154,157
156,402,4,0.222,0.85,154
157,CORNER,4,0.144,0.84,102,155,158
158,404,4,0.097,0.835,157,159
159,405,4,0.067,0.835,103,158,160
160,406,4,0.066,0.78,159,161
161,407,4,0.067,0.7175,104,160
162,STAIRS,2,0.9325,0.2475,23,206
163,STAIRS,2,0.51625,0.29,4,217
164,STAIRS,2,0.2125,0.33,1
165,STAIRS,2,0.21125,0.56,82
166,STAIRS,2,0.0875,0.655,80,174
167,STAIRS,2,0.04625,0.8775,75,174
168,STAIRS,2,0.2725,0.66,55,177
169,STAIRS,2,0.35625,0.5325,49,180
170,STAIRS,2,0.50625,0.54,97,190
171,STAIRS,2,0.59375,0.715,39,185,235
172,STAIRS,2,0.83,0.555,28,192
173,STAIRS,2,0.74625,0.9075,70,202
174,CORNER,2,0.085,0.8675,166,167,175
175,Pit,2,0.145,0.8725,174,176
176,CORNER,2,0.285,0.865,175,177
177,CORNER,2,0.2925,0.7175,168,176,178
178,CORNER,2,0.29125,0.615,177,179
179,CORNER,2,0.29125,0.58,178,180
180,CORNER,2,0.35625,0.58,169,179,181
181,201,2,0.39,0.5925,180,182
182,202,2,0.40375,0.5925,181,183
183,204,2,0.47375,0.5925,182,184,190
184,CORNER,2,0.58625,0.5925,183,185,186,190
185,CORNER,2,0.5925,0.65,171,184
186,206,2,0.6875,0.5925,184,187
187,205,2,0.72625,0.5925,186,188
188,208,2,0.77625,0.59,187,189
189,207,2,0.78875,0.595,188,191
190,CORNER,2,0.5275,0.595,170,183,184
191,206,2,0.83125,0.5925,189,192
192,209,2,0.865,0.59,172,191,193
193,CORNER,2,0.8725,0.5925,192,194,203
194,HOUSE B,2,0.895,0.5825,193,195
195,CORNER,2,0.89625,0.71,194,196
196,211,2,0.88875,0.7475,195,197
197,210,2,0.88375,0.795,196,198
198,214,2,0.88,0.825,197,199
199,CORNER,2,0.85125,0.8275,198,200
200,213,2,0.84375,0.865,199,201
201,216,2,0.83625,0.9175,200,202
202,CORNER,2,0.79125,0.91,173,201
203,226,2,0.8725,0.4625,193,204
204,227,2,0.8725,0.34,203,205
205,CORNER,2,0.8725,0.285,204,206,207
206,CORNER,2,0.9325,0.285,162,205
207,229,2,0.83,0.275,205,208
208,230,2,0.825,0.2425,207,209
209,231A,2,0.77625,0.2425,208,210
210,232,2,0.765,0.2425,209,211
211,234,2,0.71,0.2425,210,212
212,HOUSE A,2,0.69625,0.245,211,213
213,236,2,0.6475,0.2425,212,214
214,231,2,0.62,0.2425,213,215
215,AD Office,2,0.59875,0.24,214,216
216,233,2,0.55625,0.2425,215,217
217,CORNER,2,0.51625,0.24,163,216
218,STAIRS,5,0.33,0.1375,104,224
219,STAIRS,5,0.675,0.145,100,234
220,STAIRS,5,0.77,0.625,101,223
221,STAIRS,5,0.23,0.615,103,222
222,CORNER,5,0.33,0.61,221,225,226,228
223,CORNER,5,0.66,0.6625,220,231,232,233
224,509,5,0.33,0.2775,218,225
225,508,5,0.33,0.4575,222,224
226,507,5,0.33,0.66,222,227,228
227,506,5,0.38,0.6625,226,228,230
228,510,5,0.36,0.61,222,226,227,229
229,Language Lab,5,0.37,0.5875,228
230,505,5,0.48,0.67,227,231
231,504,5,0.6,0.67,223,230
232,503,5,0.68,0.685,223
233,502,5,0.675,0.5,223,234
234,501,5,0.675,0.3325,219,233
235,Cafeteria,2,0.54833335,0.71166664,171
